{"total number of errors": 50, "number of threads": 50, "Iteration 0": {"average_duration": "64.2353599977", "durations": [29.828999996185303, 23.348999977111816, 22.73099994659424, 24.75499987602234, 35.31099987030029, 12.49399995803833, 16.145999908447266, 37.1710000038147, 43.264999866485596, 32.39100003242493, 51.52300000190735, 62.55000019073486, 64.56599998474121, 60.37700009346008, 60.890000104904175, 50.43300008773804, 61.24500012397766, 63.210999965667725, 64.13600015640259, 58.45799994468689, 66.4390001296997, 62.007999897003174, 67.95899987220764, 73.58400011062622, 71.28800010681152, 53.126999855041504, 68.91100001335144, 69.82099986076355, 59.73300004005432, 68.11500000953674, 67.56299996376038, 67.6579999923706, 68.25699996948242, 68.7260000705719, 69.05299997329712, 78.98300004005432, 78.67499995231628, 78.78099989891052, 96.65999984741211, 79.16199994087219, 97.29200005531311, 97.5, 94.94400000572205, 95.91000008583069, 95.3140001296997, 88.91100001335144, 86.93099999427795, 87.28099989891052, 88.82599997520447, 89.52500009536743], "total threads": 50, "total_iteration_duration": "1998.12400007", "errors_in_iteration": 50}, "main loop": 1, "total average duration": "64.2353599977"}