{"total number of errors": 93, "number of threads": 100, "Iteration 0": {"average_duration": "92.2872300053", "durations": [36.08500003814697, 54.371999979019165, 41.394999980926514, 44.01600003242493, 38.53800010681152, 51.98900008201599, 49.58899998664856, 54.47000002861023, 39.18299984931946, 53.40700006484985, 34.873000144958496, 43.48799991607666, 53.73300004005432, 61.751999855041504, 62.05399990081787, 66.26500010490417, 63.85800004005432, 64.43099999427795, 68.71299982070923, 70.84299993515015, 72.7260000705719, 119.22000002861023, 92.78700017929077, 77.3050000667572, 76.19400000572205, 92.57000017166138, 97.66999983787537, 97.8840000629425, 96.36299991607666, 104.95000004768372, 104.89900016784668, 105.43300008773804, 108.01199984550476, 109.39599990844727, 108.18500018119812, 111.57099986076355, 111.04299998283386, 111.87199997901917, 112.94000005722046, 113.08500003814697, 113.75999999046326, 91.3289999961853, 103.21099996566772, 103.85899996757507, 103.95600008964539, 122.13000011444092, 123.33899998664856, 117.75399994850159, 116.38100004196167, 117.52900004386902, 122.22599983215332, 119.79399991035461, 125.10599994659424, 104.55900001525879, 105.60300016403198, 113.17999982833862, 118.1489999294281, 112.69199991226196, 112.19199991226196, 111.90200018882751, 123.85199999809265, 120.76399993896484, 0, 126.99499988555908, 171.30100011825562, 170.85000014305115, 161.48600006103516, 178.29800009727478, 178.4449999332428, 178.80599999427795, 178.56900000572205, 180.3880000114441, 184.10999989509583, 183.1360001564026, 188.7369999885559, 190.9480001926422, 193.8490002155304, 194.2649998664856, 195.52499985694885, 195.58899998664856, 199.1930000782013, 198.84999990463257, 198.95700001716614, 0, 0, 0, 0, 0, 0, 0, 0, 0, 0, 0, 0, 0, 0, 0, 0, 0], "total threads": 100, "total_iteration_duration": "966.209000111", "errors_in_iteration": 93}, "main loop": 1, "total average duration": "92.2872300053"}