{"main loop": 2, "total number of errors": 0, "number of threads": 75, "Iteration 0": {"average_duration": "162.419426667", "durations": [196.91300010681152, 26.555000066757202, 24.167999982833862, 51.187000036239624, 42.63499999046326, 105.70099997520447, 114.08200001716614, 98.03099989891052, 85.56100010871887, 112.67300009727478, 183.0609998703003, 116.20099997520447, 117.70300006866455, 120.99699997901917, 123.48900008201599, 121.99399995803833, 119.24500012397766, 117.08200001716614, 181.35999989509583, 175.74900007247925, 120.26700019836426, 188.44900012016296, 118.14299988746643, 185.35199999809265, 184.09999990463257, 141.59500002861023, 188.31200003623962, 177.3400001525879, 178.75100016593933, 186.35599994659424, 197.3069999217987, 171.89100003242493, 190.66400003433228, 169.01399993896484, 199.97699999809265, 192.2940001487732, 191.8439998626709, 187.25500011444092, 179.51699995994568, 157.07200002670288, 145.0350000858307, 183.0680000782013, 176.44199991226196, 189.28799986839294, 122.1859998703003, 146.01399993896484, 199.3090000152588, 151.93300008773804, 143.96799993515015, 198.94899988174438, 191.93299984931946, 165.42000007629395, 190.9430000782013, 193.68700003623962, 146.69799995422363, 197.95600008964539, 196.68099999427795, 198.3360002040863, 196.93899989128113, 185.92899990081787, 193.9119999408722, 196.97399997711182, 195.3199999332428, 194.59999990463257, 196.5829999446869, 190.00300002098083, 197.14400005340576, 192.25, 191.8159999847412, 198.79900002479553, 193.79900002479553, 197.65499997138977, 195.60899996757507, 194.08199977874756, 192.30999994277954], "total threads": 75, "total_iteration_duration": "255.295000076", "errors_in_iteration": 0}, "Iteration 1": {"average_duration": "170.994866657", "durations": [197.75999999046326, 168.6710000038147, 148.62099981307983, 187.17000007629395, 163.40100002288818, 165.14599990844727, 135.86299991607666, 162.45700001716614, 207.88899993896484, 134.885999917984, 196.2539999485016, 149.625, 197.66499996185303, 74.20900011062622, 126.55900001525879, 210.6340000629425, 121.64200019836426, 154.8529999256134, 155.5129997730255, 130.39699983596802, 137.84999990463257, 157.02199983596802, 139.4599997997284, 133.43300008773804, 166.25, 142.20700001716614, 165.4670000076294, 144.39200019836426, 166.94400000572205, 184.57800006866455, 163.9409999847412, 109.39399981498718, 160.32599997520447, 163.1980001926422, 155.87199997901917, 200.58000016212463, 150.59500002861023, 136.10099983215332, 215.57800006866455, 145.9079999923706, 139.8619999885559, 117.72800016403198, 211.17499995231628, 197.7130000591278, 114.05800008773804, 201.45099997520447, 204.52900004386902, 131.53199982643127, 185.13899993896484, 119.45300006866455, 194.14800000190735, 185.94899988174438, 150.59999990463257, 182.57099986076355, 180.3399999141693, 209.96199989318848, 207.43500018119812, 187.45300006866455, 196.65400004386902, 157.78999996185303, 201.88499999046326, 208.47000002861023, 191.42599987983704, 206.68600010871887, 214.07599997520447, 195.61099982261658, 212.20899987220764, 204.21900010108948, 205.5440001487732, 202.17999982833862, 192.1289999485016, 212.82100009918213, 199.19799995422363, 188.43200016021729, 185.87600016593933], "total threads": 75, "total_iteration_duration": "265.536999941", "errors_in_iteration": 0}, "total average duration": "166.707146662"}